[
  {
    "_id": "5abddd13e51867b30a969e8c",
    "name": "Occaecat amet",
    "description": "Dolor sunt officia enim irure dolore adipisicing laboris id sint sint magna sunt eiusmod dolor. Eiusmod ex veniam culpa esse proident eu. Do aute quis ipsum aliqua ut. Adipisicing aliquip non nostrud reprehenderit ut in aliqua culpa.\r\n",
    "categories": [
      "Video Games & Consoles"
    ],
    "images": [
      "https://placeimg.com/640/480/tech",
      "https://placeimg.com/640/480/tech",
      "https://placeimg.com/640/480/tech"
    ],
    "price": 488.43,
    "quantity": 10
  },
  {
    "_id": "5abddd1355238ad592f00f0f",
    "name": "Fugiat dolore quis excepteur",
    "description": "Nostrud et nisi ex consequat Lorem. Ullamco sunt culpa fugiat eu qui fugiat esse Lorem nulla mollit nisi excepteur labore laborum. Labore mollit amet ea mollit sint nulla quis elit laborum aliquip irure. Deserunt dolor pariatur elit aliqua voluptate veniam. Nulla nostrud ea exercitation ea labore. Voluptate aliquip tempor occaecat est do anim irure elit irure ex laborum occaecat.\r\n",
    "categories": [
      "Cellphones & Accessories"
    ],
    "images": [
      "https://placeimg.com/640/480/tech",
      "https://placeimg.com/640/480/tech",
      "https://placeimg.com/640/480/tech",
      "https://placeimg.com/640/480/tech"
    ],
    "price": 402.07,
    "quantity": 6
  },
  {
    "_id": "5abddd13ef00c72f00a69719",
    "name": "Sint qui mollit voluptate",
    "description": "Enim aute commodo aute reprehenderit fugiat fugiat voluptate magna reprehenderit non pariatur esse incididunt. Excepteur pariatur ut consectetur fugiat nulla aliqua elit ut. Reprehenderit dolor nostrud ipsum mollit qui excepteur do cupidatat incididunt ad tempor sint elit fugiat. Duis nulla elit proident enim mollit sint ullamco duis laborum Lorem. Lorem anim cupidatat ea ullamco duis aliquip ad exercitation eiusmod et ullamco consectetur elit enim.\r\n",
    "categories": [
      "TV, Audio & Surveillance",
      "TV, Audio & Surveillance",
      "Video Games & Consoles"
    ],
    "images": [
      "https://placeimg.com/640/480/tech",
      "https://placeimg.com/640/480/tech",
      "https://placeimg.com/640/480/tech",
      "https://placeimg.com/640/480/tech",
      "https://placeimg.com/640/480/tech"
    ],
    "price": 803.35,
    "quantity": 9
  },
  {
    "_id": "5abddd13c2cad7fe0a8f0a27",
    "name": "Est labore exercitation",
    "description": "Ut sunt adipisicing culpa magna elit velit aute. Irure commodo sunt tempor officia commodo elit enim nulla elit aliqua esse incididunt occaecat. Aute Lorem cupidatat et pariatur commodo consequat ipsum do esse eiusmod duis voluptate.\r\n",
    "categories": [
      "Video Games & Consoles",
      "TV, Audio & Surveillance"
    ],
    "images": [
      "https://placeimg.com/640/480/tech",
      "https://placeimg.com/640/480/tech"
    ],
    "price": 2475.35,
    "quantity": 2
  },
  {
    "_id": "5abddd13cbf4608910cb0c2f",
    "name": "Commodo nostrud aliquip",
    "description": "Eu excepteur id exercitation sint labore sint commodo veniam minim. Ullamco officia proident velit culpa nisi cillum laborum mollit. Tempor veniam officia deserunt eiusmod exercitation labore dolor in aliquip voluptate aliquip anim nulla. Esse voluptate sit officia sint ipsum deserunt elit fugiat voluptate exercitation enim culpa.\r\n",
    "categories": [
      "Video Games & Consoles",
      "Video Games & Consoles",
      "Vehicle Electronics & GPS"
    ],
    "images": [
      "https://placeimg.com/640/480/tech",
      "https://placeimg.com/640/480/tech",
      "https://placeimg.com/640/480/tech",
      "https://placeimg.com/640/480/tech",
      "https://placeimg.com/640/480/tech"
    ],
    "price": 1464.97,
    "quantity": 2
  },
  {
    "_id": "5abddd134d5181296b10a329",
    "name": "In dolore",
    "description": "Dolor reprehenderit quis ipsum ex ut velit. Do amet fugiat occaecat magna. Aliqua culpa anim occaecat ad aliqua eu voluptate ex deserunt et cupidatat consequat. Duis voluptate ut do consequat ut ullamco voluptate culpa fugiat et aliqua et in ex. Sunt cupidatat aliquip labore ad ad commodo ullamco magna incididunt anim commodo adipisicing consectetur do. Officia ut minim nulla ullamco.\r\n",
    "categories": [
      "Cellphones & Accessories"
    ],
    "images": [
      "https://placeimg.com/640/480/tech"
    ],
    "price": 323.46,
    "quantity": 7
  },
  {
    "_id": "5abddd1312b578d1d55415bd",
    "name": "Sit dolor",
    "description": "Ad ad veniam dolor eiusmod do pariatur deserunt. Eu nulla pariatur est non id occaecat excepteur ut adipisicing nulla esse eu laborum laboris. Laborum exercitation ea aute occaecat. Dolore aute eiusmod proident qui fugiat nulla exercitation deserunt magna.\r\n",
    "categories": [
      "Cellphones & Accessories"
    ],
    "images": [
      "https://placeimg.com/640/480/tech",
      "https://placeimg.com/640/480/tech",
      "https://placeimg.com/640/480/tech",
      "https://placeimg.com/640/480/tech",
      "https://placeimg.com/640/480/tech"
    ],
    "price": 319.74,
    "quantity": 5
  },
  {
    "_id": "5abddd13dd5990fc56776230",
    "name": "Amet adipisicing dolore incididunt",
    "description": "Anim cupidatat sunt id mollit magna eiusmod aute ad non irure anim cillum. Dolore velit tempor excepteur ex est qui voluptate occaecat aute est exercitation. Nisi officia minim dolor ea ad et qui tempor aliqua ipsum. Ad do quis cillum sit. Culpa deserunt nulla qui exercitation sunt mollit occaecat reprehenderit anim minim et enim minim eiusmod.\r\n",
    "categories": [
      "Cellphones & Accessories",
      "Video Games & Consoles",
      "TV, Audio & Surveillance"
    ],
    "images": [
      "https://placeimg.com/640/480/tech",
      "https://placeimg.com/640/480/tech",
      "https://placeimg.com/640/480/tech"
    ],
    "price": 513.73,
    "quantity": 6
  },
  {
    "_id": "5abddd13ac9d39adb95edb65",
    "name": "Sit sit ut ipsum ex",
    "description": "Fugiat reprehenderit eu quis dolore reprehenderit aute ipsum qui laborum ea. Irure dolor tempor dolor mollit. Laboris Lorem consectetur adipisicing id eiusmod aute irure enim do ullamco pariatur. Magna esse adipisicing proident sint enim enim deserunt ut occaecat consectetur exercitation aute exercitation. Cupidatat pariatur ad mollit cupidatat veniam labore culpa nostrud nostrud ea. Pariatur pariatur non ex duis. Est anim qui irure ipsum reprehenderit fugiat.\r\n",
    "categories": [
      "Vehicle Electronics & GPS"
    ],
    "images": [
      "https://placeimg.com/640/480/tech",
      "https://placeimg.com/640/480/tech",
      "https://placeimg.com/640/480/tech",
      "https://placeimg.com/640/480/tech",
      "https://placeimg.com/640/480/tech"
    ],
    "price": 947.19,
    "quantity": 2
  },
  {
    "_id": "5abddd133c1e5a4e26f7ebb7",
    "name": "Aliquip id occaecat adipisicing ullamco",
    "description": "Elit laboris est qui reprehenderit enim nisi veniam. Incididunt ea pariatur nulla cupidatat ullamco. Dolore esse veniam non amet reprehenderit occaecat.\r\n",
    "categories": [
      "Video Games & Consoles",
      "TV, Audio & Surveillance"
    ],
    "images": [
      "https://placeimg.com/640/480/tech",
      "https://placeimg.com/640/480/tech",
      "https://placeimg.com/640/480/tech",
      "https://placeimg.com/640/480/tech"
    ],
    "price": 601.38,
    "quantity": 5
  },
  {
    "_id": "5abddd13c4843060078d75eb",
    "name": "Fugiat magna",
    "description": "Quis ullamco veniam aliquip enim eiusmod irure tempor culpa ullamco aliquip velit. Occaecat adipisicing voluptate excepteur Lorem labore dolor consectetur ea laborum amet. Ullamco quis non incididunt ad eiusmod quis do duis laboris irure qui ea. Excepteur laborum ea sunt officia pariatur. Consequat labore eu sunt ea ad do aute dolor deserunt reprehenderit. Mollit veniam qui elit officia exercitation dolor cupidatat occaecat eiusmod minim veniam incididunt culpa. In exercitation ut reprehenderit aliquip nostrud cupidatat laborum eiusmod quis laborum et pariatur fugiat minim.\r\n",
    "categories": [
      "Vehicle Electronics & GPS",
      "Cameras & Photo"
    ],
    "images": [
      "https://placeimg.com/640/480/tech",
      "https://placeimg.com/640/480/tech",
      "https://placeimg.com/640/480/tech"
    ],
    "price": 1884.77,
    "quantity": 4
  },
  {
    "_id": "5abddd137c8c1610c08390a0",
    "name": "Consectetur mollit laborum",
    "description": "Non veniam aute nulla exercitation commodo proident irure dolore occaecat irure proident. Aliquip laboris excepteur id Lorem ut fugiat sint ad velit labore quis. Officia minim duis est amet reprehenderit dolor in. Voluptate commodo exercitation deserunt in qui nulla laborum ipsum.\r\n",
    "categories": [
      "TV, Audio & Surveillance"
    ],
    "images": [
      "https://placeimg.com/640/480/tech",
      "https://placeimg.com/640/480/tech",
      "https://placeimg.com/640/480/tech",
      "https://placeimg.com/640/480/tech",
      "https://placeimg.com/640/480/tech"
    ],
    "price": 2206.05,
    "quantity": 6
  },
  {
    "_id": "5abddd13bcd8f891c0802dfe",
    "name": "Laboris dolore",
    "description": "Excepteur pariatur excepteur adipisicing ad ex consectetur cillum. Adipisicing anim aliquip labore sint cillum elit esse voluptate. Lorem ea elit ipsum elit id cillum dolor nisi. Elit exercitation exercitation fugiat esse velit elit cupidatat duis sit reprehenderit id. Aliqua duis pariatur officia ex ex ex ea occaecat veniam. Duis excepteur amet ut aute ex eu dolore ipsum officia.\r\n",
    "categories": [
      "Cellphones & Accessories",
      "Computers & Tablets",
      "Vehicle Electronics & GPS"
    ],
    "images": [
      "https://placeimg.com/640/480/tech"
    ],
    "price": 1771.56,
    "quantity": 9
  },
  {
    "_id": "5abddd134e17e7fdd7ca4799",
    "name": "Sit incididunt",
    "description": "Ipsum cupidatat nostrud adipisicing non ex. Adipisicing elit qui reprehenderit eiusmod esse tempor quis laboris pariatur adipisicing qui commodo. Commodo cillum ipsum consectetur enim dolore ea reprehenderit irure eu duis aute quis exercitation.\r\n",
    "categories": [
      "Computers & Tablets",
      "Computers & Tablets"
    ],
    "images": [
      "https://placeimg.com/640/480/tech"
    ],
    "price": 732.36,
    "quantity": 0
  },
  {
    "_id": "5abddd13ee40db6d2908e8cd",
    "name": "Aute nisi amet",
    "description": "Magna excepteur tempor culpa occaecat sunt duis occaecat ea reprehenderit do pariatur magna qui. Esse sunt deserunt minim reprehenderit irure dolor enim velit elit dolor cillum proident anim deserunt. Ut Lorem dolore aliquip proident nostrud ea sint adipisicing. Amet amet deserunt culpa sint magna qui eiusmod laboris amet dolor labore.\r\n",
    "categories": [
      "Computers & Tablets",
      "Cameras & Photo",
      "TV, Audio & Surveillance"
    ],
    "images": [
      "https://placeimg.com/640/480/tech",
      "https://placeimg.com/640/480/tech",
      "https://placeimg.com/640/480/tech",
      "https://placeimg.com/640/480/tech"
    ],
    "price": 1719.8,
    "quantity": 6
  },
  {
    "_id": "5abddd13307915e9e36c4d0e",
    "name": "Sint laborum nostrud",
    "description": "Aliqua eiusmod occaecat dolor consectetur. Eu magna dolore ut pariatur ea pariatur. Ullamco laboris pariatur qui Lorem anim elit minim sunt nulla duis ut qui amet. Ut ex reprehenderit ea pariatur voluptate nulla esse. Sint sit velit fugiat ad in. Irure culpa dolore cupidatat magna velit aute laboris ad voluptate esse.\r\n",
    "categories": [
      "Vehicle Electronics & GPS",
      "Cameras & Photo"
    ],
    "images": [
      "https://placeimg.com/640/480/tech",
      "https://placeimg.com/640/480/tech",
      "https://placeimg.com/640/480/tech"
    ],
    "price": 122.29,
    "quantity": 9
  },
  {
    "_id": "5abddd13863cff88a70c1439",
    "name": "Voluptate aliqua",
    "description": "Lorem laboris sit quis non qui labore aliqua fugiat. Fugiat ut sint irure dolore ex adipisicing nisi dolore veniam ex consectetur. Eu veniam officia dolor sunt do sint nisi.\r\n",
    "categories": [
      "Vehicle Electronics & GPS",
      "TV, Audio & Surveillance",
      "Computers & Tablets"
    ],
    "images": [
      "https://placeimg.com/640/480/tech",
      "https://placeimg.com/640/480/tech",
      "https://placeimg.com/640/480/tech",
      "https://placeimg.com/640/480/tech",
      "https://placeimg.com/640/480/tech"
    ],
    "price": 1712.74,
    "quantity": 1
  },
  {
    "_id": "5abddd13ca53bc842e52f629",
    "name": "Eu reprehenderit nulla ad quis",
    "description": "Et do labore irure anim ullamco deserunt aliquip dolor nulla ut aute nulla ut pariatur. Ea magna elit ipsum aliqua tempor do esse in nisi sit in sit est. Aliqua mollit dolore occaecat cillum quis cupidatat excepteur officia aliquip ea.\r\n",
    "categories": [
      "Computers & Tablets",
      "Cameras & Photo"
    ],
    "images": [
      "https://placeimg.com/640/480/tech",
      "https://placeimg.com/640/480/tech",
      "https://placeimg.com/640/480/tech",
      "https://placeimg.com/640/480/tech"
    ],
    "price": 1882.63,
    "quantity": 5
  },
  {
    "_id": "5abddd1336444da33993eb61",
    "name": "Esse sunt est proident",
    "description": "Do ex aute occaecat mollit quis dolore eiusmod reprehenderit consequat dolor dolore amet. Ullamco aliqua veniam et incididunt minim ullamco sunt commodo occaecat. Exercitation anim laboris duis adipisicing laborum irure culpa. Elit duis laboris aliquip aliqua ullamco do cillum ullamco dolor deserunt mollit anim ea cupidatat. Fugiat eiusmod commodo et esse ad commodo ut sit duis dolor. In in dolore reprehenderit laboris adipisicing ea deserunt adipisicing nostrud sunt.\r\n",
    "categories": [
      "Vehicle Electronics & GPS",
      "Cellphones & Accessories",
      "Cameras & Photo"
    ],
    "images": [
      "https://placeimg.com/640/480/tech",
      "https://placeimg.com/640/480/tech",
      "https://placeimg.com/640/480/tech",
      "https://placeimg.com/640/480/tech"
    ],
    "price": 2317.41,
    "quantity": 1
  },
  {
    "_id": "5abddd1326f90d09addce897",
    "name": "Et voluptate magna mollit anim",
    "description": "Nulla dolore labore consequat sint irure anim. Et consectetur excepteur magna aute. Culpa deserunt ut sint excepteur adipisicing ut occaecat eiusmod irure enim. Esse exercitation eu in aliqua Lorem duis veniam labore proident sint. Do sunt id amet veniam commodo id.\r\n",
    "categories": [
      "Vehicle Electronics & GPS",
      "Video Games & Consoles"
    ],
    "images": [
      "https://placeimg.com/640/480/tech",
      "https://placeimg.com/640/480/tech"
    ],
    "price": 1901.94,
    "quantity": 9
  },
  {
    "_id": "5abddd136531a877237f583c",
    "name": "Aliquip et pariatur",
    "description": "Voluptate minim ut eu et ipsum esse magna non. Mollit enim officia proident sint aliqua. Elit deserunt aliquip et est consectetur. Anim consequat ullamco enim irure quis dolore velit. Id cillum eu elit Lorem fugiat. Ea veniam consequat laborum deserunt anim excepteur qui do deserunt.\r\n",
    "categories": [
      "Cellphones & Accessories"
    ],
    "images": [
      "https://placeimg.com/640/480/tech",
      "https://placeimg.com/640/480/tech",
      "https://placeimg.com/640/480/tech",
      "https://placeimg.com/640/480/tech"
    ],
    "price": 1435.04,
    "quantity": 7
  },
  {
    "_id": "5abddd13a29b8645bc1e037f",
    "name": "Aliqua ad",
    "description": "Dolor ad deserunt laboris voluptate. Pariatur voluptate anim voluptate et cillum amet dolore duis minim cupidatat adipisicing Lorem. Eiusmod nostrud voluptate exercitation esse esse aliquip nisi exercitation nostrud voluptate ex duis. Elit dolore aliquip esse id anim id consequat enim. Ipsum aute ut Lorem cupidatat voluptate elit. Voluptate laborum ut id Lorem.\r\n",
    "categories": [
      "Cellphones & Accessories"
    ],
    "images": [
      "https://placeimg.com/640/480/tech",
      "https://placeimg.com/640/480/tech",
      "https://placeimg.com/640/480/tech"
    ],
    "price": 2114,
    "quantity": 10
  },
  {
    "_id": "5abddd132d5815b59c6bcbf0",
    "name": "Nostrud esse ad",
    "description": "Minim sit proident deserunt do labore ullamco elit nulla officia tempor fugiat. Nulla Lorem minim proident occaecat reprehenderit adipisicing incididunt. Magna labore veniam voluptate incididunt ipsum et aliquip elit cupidatat quis. Eu ea nisi cillum excepteur laborum eiusmod magna.\r\n",
    "categories": [
      "Cellphones & Accessories"
    ],
    "images": [
      "https://placeimg.com/640/480/tech",
      "https://placeimg.com/640/480/tech",
      "https://placeimg.com/640/480/tech",
      "https://placeimg.com/640/480/tech"
    ],
    "price": 879.82,
    "quantity": 5
  },
  {
    "_id": "5abddd13fd6319968e908d37",
    "name": "Consectetur reprehenderit qui fugiat ex",
    "description": "Fugiat sunt nisi elit cillum ad proident labore. Proident consectetur culpa incididunt nostrud. Sunt consequat cupidatat do ex cupidatat reprehenderit proident cillum non ipsum culpa. Enim voluptate proident in nisi pariatur. Magna enim exercitation cillum proident aliquip dolore sunt excepteur laborum sit duis voluptate. Elit nisi commodo officia do incididunt tempor officia aliqua id dolore.\r\n",
    "categories": [
      "Computers & Tablets"
    ],
    "images": [
      "https://placeimg.com/640/480/tech",
      "https://placeimg.com/640/480/tech"
    ],
    "price": 888.41,
    "quantity": 3
  }
]